metric,observed_diff_lc_minus_control,p_perm,q_fdr
mean_abs_corr,0.022374443382817716,0.44755244755244755,0.745920745920746
global_efficiency,0.015269719928098002,0.32367632367632365,0.745920745920746
avg_clustering_weighted,-0.023058793394968635,0.6643356643356644,0.8304195804195804
within_frontal_mean_corr,0.12718045348483187,0.18981018981018982,0.745920745920746
frontal_to_nonfrontal_mean_corr,0.0022374762895180297,0.955044955044955,0.9550449550449549
